OBRA2_COD;OBRA2_NOM;OBRA2_END;OBRA2_BAI;OBRA2_END_NUM;OBRA2_CEP;OBRA2_CEI;CIDA2_NOM;ESTA2_COD;OBRA2_DAT_INI;OBRA2_DAT_ENT;OBRA2_DAT_CON;TPOB1_NOM;OBRA2_EMAIL;
1;SALINAS - MATRIZ - ESCRITORIO;AV MAROTO FERREIRA;RAQUEL;310;39560-000; ;SALINAS;11;01/04/2020; ; ;ESCRITORIO; ;
2;SALINAS - FILIAL - USINA;RUA D;INDUSTRIAL;456;39560-000; ;SALINAS;11;01/01/2020; ; ;FILIAL; ;
8;FRANCISCO SA - MATRIZ - CONSTRU��O DO FORUM - CT 176/2020;AVENIDA GET�LIO VARGAS,;CENTRO;881;39580-000;90.004.37479/75;FRANCISCO S�;11;31/07/2020; ; ;CONSTRU��O CIVIL; ;
9;ESPINOSA - MATRIZ - CONSTRU��O DO FORUM - CT 125/2020;RUA 6;SANTOS DUMONT;30;39510-000;90.003.86624/73;ESPINOSA;11;15/06/2020; ; ;CONSTRU��O CIVIL; ;
10;JOSENOPOLIS - MATRIZ - PAVIMENTA��O - CT 002/2020;JOSENOPOLIS;CENTRO; ;39575-000;90.003.78322/78;JOSENOPOLIS;11;17/03/2020;13/09/2020; ;PAVIMENTA��O EM BLOCOS; ;
12;FRANCISCO SA - MATRIZ - CONSTRU��O DO CAMPO SINTETICO - CT 065/2020;PARQUE DOS NAMORADOS;PARQUE DOS NAMORADOS;S/N;39580-000;90.004.14533/76;FRANCISCO S�;11;11/02/2021;15/06/2022; ;CONSTRU��O CIVIL; ;
13;SALINAS - MATRIZ - DRENAGEM B.NOVA ESPERAN�A - CT 178/2020;SALINAS;NOVA ESPERAN�A;S/N;39560-000;90.006.19680/79;SALINAS;11;11/11/2020;10/05/2021; ;DRENAGEM; ;
15;NOVORIZONTE - MATRIZ - PAVIMENTA��O SEDE - CT 051/2020;NOVORIZONTE;CENTRO;S/N;39568-000;90.003.66309/75;NOVORIZONTE;11;17/04/2020;04/06/2021; ;PAVIMENTA��O EM BLOCOS; ;
16;SALINAS - MATRIZ - CONSTRU��O DAS 3 QUADRAS - CT 083/2019;SANTA MONICA, MONTES CLARINHOS E NOVA FATIMA;SANTA MONICA, MONTES CLARINHOS E NOVA FATIMA;S/N;39560-000;90.000.81298/77;SALINAS;11;14/05/2019;15/04/2021; ;CONSTRU��O CIVIL; ;
17;PADRE CARVALHO - MATRIZ - CONSTRU��O CRECHE PR� INF�NCIA - CT 005/2015;PADRE CARVALHO;CENTRO;S/N;39573-000;51.234.40900/78;PADRE CARVALHO;11;11/01/2016; ; ;CONSTRU��O CIVIL; ;
18;PADRE CARVALHO - MATRIZ - CONSTRU��O ACADEMIA DA SA�DE - CT 028/2019;FAZ. LAMBEDOR, CONJ. HABITACIONAL EVARISTO COSTA;CENTRO; ;39573-000;90.005.93490/74.;PADRE CARVALHO;11;10/09/2019;04/07/2021; ;CONSTRU��O CIVIL; ;
19;SALINAS - MATRIZ - FORNECIMENTO DE MATERIAL  - ATA 093/2020;SALINAS;CENTRO;S/N;39560-000; ;SALINAS;11;20/08/2020;20/08/2021; ;FORNECIMETO DE MATERIAL; ;
20;TAIOBEIRAS - MATRIZ - PAVIMENTA��O - CT 023/2021;TAIOBEIRAS;SAGRADA FAMILIA E NOSSA SR DE FATIMA;S/N;39550-000;90.007.11742/74;TAIOBEIRAS;11;30/03/2021;27/08/2021; ;PAVIMENTA��O ASFALTICA; ;
23;SALINAS - MATRIZ - REFORMA CASA DE AILTON;XXX;RAQUEL;0;39560-000; ;SALINAS;11; ; ; ;CONSTRU��O CIVIL; ;
24;SALINAS - FILIAL - FABRICA DE BLOCOS;RUA D,;PARQUE INDUSTRIAL; ;39560-000; ;SALINAS;11; ; ; ;FABRICA DE BLOCOS; ;
25;SALINAS - MATRIZ - SERRALHERIA;RUA D;PARQUE INDUSTRIAL; ;39560-000; ;SALINAS;11; ; ; ;SERRALHERIA; ;
28;BURITIZEIRO  - FILIAL -  ELECNOR - CONCRETO USINADO  - CT 350057/PS2021-001;TRECHOS DOS MUN. DE BURITIZEIRO-MG A TRES MARIAS;XXX;XXX;39280-000; ;BURITIZEIRO;11;01/06/2021; ; ;FORNECIMETO DE MATERIAL; ;
31;SALINAS - MATRIZ - ECOM ENGENHARIA;XXX;PARQUE INDUSTRIAL; ;39560-000; ;SALINAS;11; ; ; ;ECOM; ;
35;SALINAS - EX. - PAVIMENTA��O DE RUAS - CT: 196/2020 - TP: 006/2020;DIVERSAS RUAS NO MUNIC�PIO;XXX;S/N;39560-000;90.005.44439/74;SALINAS;11;17/12/2020; ;19/09/2022;PAVIMENTA��O EM BLOCOS; ;
36;SANTA CRUZ DE SALINAS - EX. - PAVIMENTA��O RURAL - CT: 032/2020 - TP: 004/2020;RUAS DIVERSAS;XXX;S/N;39563-000;90.004.14568/77;SANTA CRUZ DE SALINAS;11;14/08/2020;21/05/2021;21/05/2021;PAVIMENTA��O EM BLOCOS; ;
37;SALINAS - EX. - CONSTRUC�O DE QUADRA COBERTA ALTO PARAISO - CT: 104/2020 - 001/2020;XX;ALTO PARAISO;S/N;39560-000;90.004.14592/74;SALINAS;11;23/06/2020; ; ;CONSTRU��O CIVIL; ;
38;SALINAS - EX. - REFORMA PREDIAL IFNMG CAMPUS SALINAS -  - PREGAO: 21/2019;FAZENDA VARGINHA,;RODOVIA MG-404;KM 02;39560-000; ;SALINAS;11;11/12/2019; ; ;CONSTRU��O CIVIL; ;
42;FRANCISCO S� - EX. - PAVIMENTA��O DE RUAS DE ACESSO AO HOSP. MUNICIPAL - CT: 084/2021 - TP: 010/2021;RUAS DIVERSAS;XXX;S/N;39580-000;90.010.75056/78;FRANCISCO S�;11;02/06/2021; ;17/02/2023;PAVIMENTA��O EM BLOCOS; ;
43;FRANCISCO S� - EX. - PAVIMENTA��O DE RUAS - CT: 077/2021 - TP: 004/2021;RUAS DIVERSAS;XXX;S/N;39580-000; ;FRANCISCO S�;11;20/05/2021;30/08/2021;30/08/2021;PAVIMENTA��O EM BLOCOS; ;
44;FRANCISCO S� - EX. - PAVIMENTA��O DE RUAS - CT: 078/2021 - TP: 005/2021;RUAS DIVERSAS;XXX;S/N;39580-000; ;FRANCISCO S�;11;20/05/2021;30/08/2021;30/08/2021;PAVIMENTA��O EM BLOCOS; ;
45;SALINAS - EX. - PAVIMENTA��O DE RUAS - CT: 068/2021 - TP: 002/2021;RUAS DIVERSAS;XXX;S/N;39560-000;90.007.11716/73;SALINAS;11;27/05/2021; ; ;PAVIMENTA��O EM BLOCOS; ;
48;SALINAS - MATRIZ - REFORMA ESCRITORIO MATRIZ;AV. MAROTO FERREIRA;RAQUEL;310;39560-000; ;SALINAS;11;27/07/2021; ; ;CONSTRU��O CIVIL; ;
51;SALINAS - EX. - ESCRITORIO;AV. MAROTO FERREIRA;RAQUEL; ;39560-000; ;SALINAS;11; ; ; ;ESCRITORIO; ;
53;GRAO MOGOL - FILIAL - ALUGUEL DE PATROL -NORFLOR - CT 058/2021;LOCALIZADA NOS MUNICIPIOS DE: GR�O MOGOL, JOSENOPO;XXX;S/N;39570-000; ;GR�O MOGOL;11;17/08/2021; ; ;LOCA��O; ;
55;SALINAS - MATRIZ - ALMOXARIFADO;AV. MAROTO FERREIRA, 310;RAQUEL;310;39560-000; ;SALINAS;11; ; ; ;ALMOXARIFADO; ;
56;SALINAS - EX. - ALMOXARIFADO;AV. MAROTO FERREIRA;RAQUEL; ;39560-000; ;SALINAS;11; ; ; ;ALMOXARIFADO; ;
57;SALINAS - MATRIZ - AILTON SOUSA MENDES - SOCIO;AV. MAROTO FERREIRA;RAQUEL;310;39560-000; ;SALINAS;11; ; ; ;RETIRADA SOCIOS; ;
58;SALINAS - MATRIZ - ARQUITECLINO WALLACE AFONSO GUIMARAES - SOCIO;AV. MAROTO FERREIRA;RAQUEL;310;39560-000; ;SALINAS;11; ; ; ;RETIRADA SOCIOS; ;
59;SALINAS - FILIAL - ESCRITORIO;AV. MAROTO FERREIRA;RAQUEL;310;39560-000; ;SALINAS;11; ; ; ;ESCRITORIO; ;
62;SALINAS - RT - LOTEAMENTO JARDIM DOS IP�S;XXX;XXXX;XXX;39560-000; ;SALINAS;11;01/09/2021; ; ;LOTEAMENTO; ;
63;RIO PARDO DE MINAS - EX. - PAVIMENTA��O ASFALTICA - CT:248/2021 - TP:006/2021;RUA TACITO DE FREITAS COSTA,;CENTRO;846;39530-000; ;RIO PARDO DE MINAS;11;01/09/2021; ;24/03/2022;PAVIMENTA��O ASFALTICA; ;
64;SANTA CRUZ DE SALINAS - EX. - INSTALA��O DE LUMINARIAS - CT: 051/2021 - TP: 003/2;PRA�A DA LIBERDADE, AV. TOTO COSTA E R. JO�O ANTON;XXX;S/N;39563-000; ;SANTA CRUZ DE SALINAS;11;20/08/2021;17/12/2021;17/12/2021;CONSTRU��O CIVIL; ;
65;SANTA CRUZ DE SALINAS - EX. - TERMINO DA  ACADEMIA DE SAUDE-CT: 050/2021-TP: 004/2021;AV. TOTO COSTA;CENTRO;221;39563-000; ;SANTA CRUZ DE SALINAS;11;09/08/2021; ;01/02/2023;CONSTRU��O CIVIL; ;
66;MONTEZUMA - EX. - PAVIMENTA��O DE RUAS - CT: 180/2021 - TP: 001/2021;PRA�A JOSE BATISTA,;CENTRO;1000;39547-000; ;MONTEZUMA;11;16/08/2021; ;08/05/2023;PAVIMENTA��O EM BLOCOS; ;
67;SALINAS - RT - ESCRITORIO;RUA A,;NOVO PANORAMA II;50;39560-000; ;SALINAS;11; ; ; ;ESCRITORIO;RTLOTEAMENTOS@YAHOO.COM;
68;SALINAS - RT - LOTEAMENTO CIDADE NOVA;AV. MAROTO FERREIRA;RAQUEL;310;39560-000; ;SALINAS;11;28/09/2021; ; ;LOTEAMENTO; ;
69;SALINAS - MATRIZ - GALP�O DE AILTON BAIRRO STO ANTONIO;RUA JUVENATO COSTA FILHO;SANTO ANTONIO;804;39560-000; ;SALINAS;11; ; ; ;CONSTRU��O CIVIL; ;
71;SALINAS - MATRIZ - CAIXA ECONOMICA FEDERAL  - CT 11201/2020;AV. MAROTO FERREIRA;RAQUEL;310;39560-000; ;SALINAS;11; ; ; ;RETIRADA SOCIOS; ;
73;SALINAS - MATRIZ - TUBULA��O (B. LOBO) E PAV. CORREGO B. NOVA ESPERAN�A - CT 191/2021 - TP: 011/2021;BAIRRO NOVA ESPERAN�A;NOVA ESPERAN�A;S/N;39560-000; ;SALINAS;11;25/10/2021; ;27/04/2022;CONSTRU��O CIVIL; ;
75;SANTA CRUZ DE SALINAS - EX. - CONSTRU��O DE  ACADEMIA AO AR LIVRE - CT: 052/2021 - 003/2021;PRA�A DA LIBERDADE, AV. TOTO COSTA E R. JO�O ANTON;CENTRO;S/N;39563-000; ;SANTA CRUZ DE SALINAS;11;13/08/2021;17/12/2021;17/12/2021;CONSTRU��O CIVIL; ;
76;SALINAS - MATRIZ - SPAZZIO;AV JOAO XXIII;JARDIM BRASIL;2220;39560-000; ;SALINAS;11;29/11/2021; ; ;RETIRADA SOCIOS; ;
78;FRUTA DE LEITE - EX. - PAVIMENTA��O BLOCOS SEXTAVADO - CT: 104/2021 - 007/2021;AV. MONTES CLAROS;CENTRO;900;39558-000; ;FRUTA DE LEITE;11;27/10/2021; ;29/12/2022;PAVIMENTA��O EM BLOCOS; ;
79;SALINAS - MATRIZ -  FROTA VE�CULOS;AV. MAROTO FERREIRA;RAQUEL;332;39560-000; ;SALINAS;11; ; ; ;FROTA; ;
81;SALINAS - MATRIZ - PRESTA��O DE SERVI�OS  DE MAQUINAS;AV. MAROTO FERREIRA;RAQUEL;332;39560-000; ;SALINAS;11; ; ; ;FROTA; ;
82;SALINAS - EX. - REFORMA DA ESCOLINHA FELIZ - CT: 264/2021 - TP: 016/2021;PRA�A MOISES LADEIA;CENTRO;64;39560-000;90.009.87057/75;SALINAS;11;31/12/2021; ; ;CONSTRU��O CIVIL; ;
83;COMERCINHO - EX. - PAVIMENTA��O BLOCOS SEXTAVADO - CT: 086/2021 - TP: 008/2021;R. MANOEL RAFAEL DE OLIVEIRA;CENTRO;100;39628-000;90.009.87086/73;COMERCINHO;11;18/01/2022; ;26/09/2022;PAVIMENTA��O EM BLOCOS; ;
84;SALINAS - RT - ALMOXARIFADO;XXX;XXX;XXX;39560-000; ;SALINAS;11; ; ; ;ALMOXARIFADO; ;
85;GR�O MOGOL - EX. - PAVIMENTA��O RUA ABNER MARTINS - CT: 274/2018 - TP:021/2018;RUA ABNER MARTINS;CENTRO;S/N;39570-000;90.001.94747/77;GR�O MOGOL;11;19/11/2018;26/05/2020;26/05/2020;PAVIMENTA��O EM BLOCOS; ;
86;BOTUMIRIM - EX. - PAVIMENTA��O BLOCOS SEXTAVADO - CODEVASF - CT: 1117000/2021 - RDC: 031/2021;RUAS DO MUNICIPIO DE BOTUMIRIM;XXX;S/N;39596-000; ;BOTUMIRIM;11;31/12/2021; ; ;PAVIMENTA��O EM BLOCOS; ;
87;SALINAS - EX. - PAVIMENTA��O BLOCOS SEXTAVADO - CODEVASF - CT: 1107100/2021 - RDC: 018/2021;DIVERSAS RUAS NO MUNIC�PIO DE SALINAS;XXX;S/N;39560-000;90.010.05301/79;SALINAS;11;03/01/2022; ;06/09/2022;PAVIMENTA��O EM BLOCOS; ;
88;SALINAS - EX. - MELHORIAS DO MERCADO MUNICIPAL - CT: ? - TP: 009/2021;PRA�A DA LIBERDADE;CENTRO;S/N;39560-000; ;SALINAS;11;01/01/2022;01/01/2022; ;CONSTRU��O CIVIL; ;
90;BOTUMIRIM - EX. - PAVIMENTA��O BLOCOS SEXTAVADO  - CT: ? - TP: 005/2021;R. JOSE DA CRUZ;CENTRO;9;39596-000; ;BOTUMIRIM;11;16/12/2021;16/12/2021; ;PAVIMENTA��O EM BLOCOS; ;
91;SALINAS - EX. - CERCAMENTO DO VIVEIRO FLORESTAL IFNMG  - CT:  ? - PE. 21/2021;FAZENDA VARGINHA, KM 02SALINAS - EX.  CERCAMENTO D;ZONA RURAL;S/N;39560-000; ;SALINAS;11; ; ; ;CONSTRU��O CIVIL; ;
92;SALINAS - EX. - REFORMA DA BIBLIOTECA IFNMG - CAMPUS SALINAS - CT: 06/2022 - TP: 001/2021;FAZENDA VARGINHA, KM 02;ZONA RURAL;S/N;39560-000; ;SALINAS;11; ; ; ;CONSTRU��O CIVIL; ;
93;TAIOBEIRAS - EX. - CONSTRU��O DE QUADRAS NA PRA�A DE ESPORTES - CT: 026/2022 - TP: 003/2022;PRA�A DA MATRIZ,;CENTRO;145;39550-000; ;TAIOBEIRAS;11;15/03/2022; ;06/06/2022;CONSTRU��O CIVIL; ;
94;SALINAS - MATRIZ - REPAROS DE RUAS ATINGIDAS PELAS ENCHENTES - NAF.1522 - PROCESSO: 118/20222;DIVERSAS RUAS NO MUNICIPIO;CENTRO;XX;39560-000; ;SALINAS;11;13/04/2022;13/04/2022; ;PAVIMENTA��O EM BLOCOS; ;
95;SALINAS - MATRIZ - CAL�AMENTO RURAL ACESSO BARRAGEM DE SALINAS;BARRAGEM DE SALINAS;ZONA RURAL;SN;39560-000; ;SALINAS;11;14/03/2022; ; ;PAVIMENTA��O EM BLOCOS; ;
96;BERIZAL - MATRIZ - PAVIMENTA��O ASFALTICA TIPO PMF - CT: 47/2022 - TP: 001/2022;RUA LUIZ OTAVIO FRANCO, 18;CENTRO;18;39555-000;90.010.33240/75;BERIZAL;11;08/03/2022; ;30/11/2022;PAVIMENTA��O ASFALTICA; ;
97;SALINAS - MATRIZ - LOTE DE JO�O TROV�O;EM FRENTE A USINA;INDUSTRIAL;S/N;39560-000; ;SALINAS;11;28/04/2022; ; ;LOTEAMENTO; ;
99;RIO PARDO DE MINAS - MATRIZ - PAVIMENTA��O ASFALTICA TIPO PMF - CT: 041/2022 - TP: 01/2022;RUA TACITO DE FREITAS COSTA,;CENTRO;846;39530-000; ;RIO PARDO DE MINAS;11;08/03/2022; ; ;PAVIMENTA��O ASFALTICA; ;
100;RIO PARDO DE MINAS - MATRIZ - RECAPEAMENTO ASFALTICO TIPO PMF - CT: 81/2022 - TP: 006/2022;RUA TACITO DE FREITAS COSTA,;CENTRO;846;39530-000; ;RIO PARDO DE MINAS;11; ; ;15/06/2023;PAVIMENTA��O ASFALTICA; ;
101;BOTUMIRIM - MATRIZ - PAVIMENTA��O EM BLOCOS DE CONCRETO CANTA GALO - CT:029/2022 - TP: 003/2022;RUA JOSE DA CRUZ;CENTRO;9;39596-000; ;BOTUMIRIM;11; ; ;03/05/2023;PAVIMENTA��O EM BLOCOS; ;
102;FRUTA DE LEITE - EX. - CONST. DE QUADRA POLIESPORTIVA - CT: 039/2022 - TP: 001/2022;AV. MONTES CLAROS;CENTRO;900;39558-000; ;FRUTA DE LEITE;11;02/05/2022; ; ;CONSTRU��O CIVIL; ;
103;SALINAS - MATRIZ - CONSTRU��O DA ESCOLA NO BAIRRO VALE DO SOL - CT: 120/2022 - CR: 002/2022;PRA�A MOISES LADEIA;CENTRO;64;39560-000; ;SALINAS;11;16/05/2022; ; ;CONSTRU��O CIVIL; ;
104;AGUAS VERMELHAS - MATRIZ - RECAP. ASFALT. ITAMARATI E MACHADO MINEIRO - CT: 24/2022 - TP: 003/2022;RUA S�O VICENTE;CENTRO;164;39990-000; ;AGUAS VERMELHAS;11; ; ;16/01/2023;PAVIMENTA��O ASFALTICA; ;
105;AGUAS VERMELHAS - MATRIZ - PAVIM. ASFALT. NOS DISTRITOS DE ITAMARATI  - CT: 23/2022 - TP: 002/2022;RUA S�O VICENTE;CENTRO;164;39990-000; ;AGUAS VERMELHAS;11; ; ;15/03/2023;PAVIMENTA��O ASFALTICA; ;
106;AGUAS VERMELHAS - MATRIZ - RECAPEAMENTO ASFALTICO EM PMF NA RUA ANFILOFIO  - CT:22/2022;RUA S�O VICENTE;CENTRO;164;39990-000; ;AGUAS VERMELHAS;11; ; ;05/12/2022;PAVIMENTA��O ASFALTICA; ;
107;TAIOBEIRAS - MATRIZ - FORNECIMENTO DE EMULS�O E MASSA ASFALTICA - ARP - 139/2022 - PP: 027/2022;PRA�A DA MATRIZ;CENTRO;145;39550-000; ;TAIOBEIRAS;11;14/06/2022; ;29/05/2023;FORNECIMETO DE MATERIAL; ;
108;RIO PARDO DE MINAS - MATRIZ - PAV. ASFALTICA R.ODILIO TORRES E RUA C - CT: 098/2022 - TP: 009/2022;RUA TACITO DE FREITAS COSTA, 846;CENTRO;846;39530-000; ;RIO PARDO DE MINAS;11; ; ;28/07/2023;PAVIMENTA��O ASFALTICA; ;
109;SALINAS - MATRIZ - CONTEN��O E ATERRO DA ALA DA PONTE DO RIO SALINAS - CT: 152/2022 - TP: 015/2022;PRA�A MOISES LADEIA;CENTRO;64;39560-000; ;SALINAS;11; ; ; ;CONSTRU��O CIVIL; ;
110;SALINAS - MATRIZ - RECAPEAMENTO ASFALTICO - CT: 156/2022 - TP: 016/2022;PRA�A MOISES LADEIA;CENTRO;64;39560-000; ;SALINAS;11; ; ; ;PAVIMENTA��O ASFALTICA; ;
111;DIVISA ALEGRE - EX. - PAVIMENTA��O EM BLOCOS SEXTAVADOS  - CT:031/2022 - TP: 005/2022;RUA ALFREDO LUIZ BAHIA;CENTRO;04;39995-000; ;DIVISA ALEGRE;11;18/05/2022; ; ;PAVIMENTA��O EM BLOCOS; ;
112;RIO PARDO - EX. - PAVIMENTA��O EM BLOCOS SEXTAVADOS NO DIST. BONFIM;RUA TACITO DE FREITAS COSTA;CENTRO;846;39530-000; ;RIO PARDO DE MINAS;11;31/03/2022; ;09/09/2022;PAVIMENTA��O EM BLOCOS; ;
113;TAIOBEIRAS - MATRIZ - RECAPEAMENTO ASFALTICO  - CT: 100/2022 - CR: 003/2022;PRA�A DA MATRIZ;CENTRO;145;39550-000; ;TAIOBEIRAS;11;08/06/2022; ; ;PAVIMENTA��O ASFALTICA; ;
114;RIO PARDO DE MINAS - MATRIZ - PAV. ASFALTICA EM VARIAS R.DO B.CIDADE NOVA - CT: 139/2022-TP:12/2022;RUA TACITO DE FREITAS COSTA,;CENTRO;846;39530-000; ;RIO PARDO DE MINAS;11;23/06/2022; ;15/02/2023;PAVIMENTA��O ASFALTICA; ;
115;BOTUMIRIM - MATRIZ - PAVIMENTA��O EM BLOCOS SEXTAVADO - CT: 032/2022 - TP: 09/2022;RUA JOSE DA CRUZ;CENTRO;9;39596-000; ;BOTUMIRIM;11;28/06/2022; ; ;PAVIMENTA��O EM BLOCOS; ;
116;TAIOBEIRAS - MATRIZ - RECAPEAMENTO ASFALTICO  - CT:099/2022 - CR: 02/222;PRA�A DA MATRIZ;CENTRO;145;39550-000; ;TAIOBEIRAS;11;08/06/2022; ; ;PAVIMENTA��O ASFALTICA; ;
117;SALINAS - EX. - CONST.DE QUADRA POLIESPORTIVA  NO DIST. DE NOVA MATRONA - CT: 171/2022;PRA�A MOISES LADEIA;CENTRO;64;39560-000; ;SALINAS;11;14/06/2022; ; ;CONSTRU��O CIVIL; ;
118;SALINAS - EX. - PAVIMENTA��O EM BLOCOS SEXTAVADOS;PRA�A MOISES LADEIA;CENTRO;64;39560-000; ;SALINAS;11;14/06/2022; ; ;PAVIMENTA��O EM BLOCOS; ;
119;SALINAS - MATRIZ - CONSTRU��O DE PONTE NO BAIRRO SAGRADA FAMILIA;XXX;SAGRADA FAMILIA;SN;39560-000; ;SALINAS;11;01/07/2022; ; ;CONSTRU��O CIVIL; ;
121;SALINAS - FILIAL - LOCA��O DE USINA MOVEL - OBRA DA COMETA ENGENHARIA;MUNICIPIO DE BURITIZEIRO;XXX;SN;39280-000; ;SALINAS;11;15/08/2022; ; ;LOCA��O; ;
122;SALINAS - RT - VENDAS LOTEAMENTO CIDADE NOVA;AV. ANTONIO CARLOS;CIDADE NOVA;S/N;39560-000; ;SALINAS;11; ; ; ;LOTEAMENTO; ;
123;SALINAS - MATRIZ - DRENAGEM NA PASSARELA DA ALEGRIA - CT: 226/2022 - TP: 028/2022;PRA�A MOISES LADEIA;CENTRO;64;39560-000; ;SALINAS;11;25/08/2022; ; ;DRENAGEM; ;
125;SALINAS - FILIAL - FORNECIMENTO DE MASSA ASFALTICA - PE: 061/2022;PRA�A MOISES LADEIA;CENTRO;64;39560-000; ;SALINAS;11;30/08/2022; ; ;FORNECIMETO DE MATERIAL; ;
126;TAIOBEIRAS - MATRIZ - PAVIMENTA��O ASF�LTICA B.PLANALTO - CT: 153/2022 - 024/2022;PRA�A DA MATRIZ;CENTRO;136;39550-000; ;TAIOBEIRAS;11;07/10/2022; ; ;PAVIMENTA��O ASFALTICA; ;
127;TAIOBEIRAS - MATRIZ - PAVIMENTA��O ASF�LTICA B.PLANALTO - CT: 152/2022 - TP: 023/2022;PRA�A DA MATRIZ;CENTRO;136;39550-000; ;TAIOBEIRAS;11;07/10/2022; ; ;PAVIMENTA��O ASFALTICA; ;
128;TAIOBEIRAS - MATRIZ - PAVIMENTA��O ASF�LTICA RODOVIA LMG 626 - CT: 151/2022 - TP: 022/2022;PRA�A DA MATRIZ;CENTRO;136;39550-000; ;TAIOBEIRAS;11;21/10/2022; ; ;PAVIMENTA��O ASFALTICA; ;
129;RUBELITA - FILIAL - FORNECIMENTO DE CONCRETO USINADO - SRP: 033/2022;PRA�A MAJOR AVELINO DE ALMEIDA;CENTRO;406;39565-000; ;RUBELITA;11; ; ; ;FORNECIMETO DE MATERIAL; ;
130;SALINAS - RT - VENDAS LOTES SANTO EXPEDITO;AV. MAROTO FERREIRA;RAQUEL;332;39560-000; ;SALINAS;11;01/09/2022; ; ;LOTEAMENTO; ;
131;BERIZAL - EX.  - PAVIMENTA��O EM BLOCOS SEXTAVADOS  - CT:  107/2022 - TP: 007/2022;RUA LUIZ OTAVIO FRANCO;CENTRO;18;39555-000; ;BERIZAL;11;17/10/2022; ; ;PAVIMENTA��O EM BLOCOS; ;
132;SALINAS - MATRIZ - FOLHA DE PAGAMENTO;AV MAROTO FERREIRA;RAQUEL;310;39560-000; ;SALINAS;11;06/02/2023; ; ;STRATO; ;
133;SALINAS - EX. - FOLHA DE PAGAMENTO;AV. MAROTO FERREIRA;RAQUEL;310;39560-000; ;SALINAS;11;06/02/2023; ; ;STRATO; ;
134;SALINAS - FILIAL - FOLHA DE PAGAMENTO;PARQUE INDUSTRIAL;BAIRRO/DISTRITO PARQUE INDUSTRIAL;451;39560-000; ;SALINAS;11; ; ; ;STRATO; ;
135;SALINAS - FILIAL - ALMOXARIFADO;PARQUE INDUSTRIAL;BAIRRO/DISTRITO PARQUE INDUSTRIAL;451;39560-000; ;SALINAS;11;01/02/2023; ; ;ALMOXARIFADO; ;
136;SALINAS - MATRIZ - REFORMA CASA DE MARCOS;RUA DONERIO PEREIRA DA SILVA;RAQUEL;332;39560-000; ;SALINAS;11;13/02/2023; ;31/08/2023;CONSTRU��O CIVIL; ;
137;RIO PARDO DE MINAS - MATRIZ - PAVIMENTA��O ASFALTICA CODEVASF - CT:  ? RDC: 032/2022;AV. GERALDO ATHAYDE;ALTO SAO JOAO;483;39400-292; ;RIO PARDO DE MINAS;11;16/12/2022; ;16/12/2022;PAVIMENTA��O ASFALTICA; ;
139;SALINAS - EX. - PAVIMENTA��O EM BLOCOS SEXTAVADOS - CT: 306/2022 - TP: 038/2022;PRA�A MOIS�S LADEIA;CENTRO;64;39560-000;90.013.67009/75;SALINAS;11;01/12/2022; ; ;PAVIMENTA��O EM BLOCOS; ;
140;NOVORIZONTE - EX. - PAVIMENTA��O BLOCO SEXTAVADO - CODEVASF - CT: 1.1776.00/2022 - RDC: 032/2022;AV. GERALDO ATHAYDE;ALTO SAO JOAO;483;39400-292; ;NOVORIZONTE;11;10/01/2023; ; ;PAVIMENTA��O EM BLOCOS; ;
141;GR�O MOGOL - EX. - PAVIMENTA��O BLOCO SEXTAVADO  - CT: 171/2022 - TP: 005/2022;RUA GERALDO AVELINO DOS SANTOS;CENTRO;60;39570-000;90.013.34788/70;GR�O MOGOL;11;21/12/2022; ; ;PAVIMENTA��O EM BLOCOS; ;
142;SALINAS - FILIAL - FRETE PR�PRIO;AV. MAROTO FERREIRA;RAQUEL;310;39560-000; ;SALINAS;11;17/02/2023; ; ;LOCA��O; ;
143;SALINAS - MATRIZ - RECUPERA��O DAS INSTALA��ES USINA FOTOVOLTAICA;N�CLEO RURAL;SITIO BOA ESPERAN�A;S/N;36148-000; ;SALINAS;11;14/02/2023; ; ;CONSTRU��O CIVIL; ;
144;SALINAS - FILIAL - VENDAS CLIENTES;AV. MAROTO FERREIRA;RAQUEL;310;39560-000; ;SALINAS;11;01/01/2023; ; ;FILIAL; ;
145;SALINAS - MATRIZ - REPARO DA R. SEBASTI�O MOREIRA OLIV. COM BLOCO SEXTAVADO - PARCIAL CT: 156/2022;RUA SEBATI�O MOREIRA OLIVEIRA;CENTRO;S/N;39560-000; ;SALINAS;11;19/02/2023; ; ;PAVIMENTA��O EM BLOCOS; ;
146;CAPIT�O ENEAS - MATRIZ - REFORMA CASA DA SEDE FAZENDA DE AILTON SOCIO;CAPIT�O ENEAS;ZONA RURAL;S/N;39472-000; ;CAPITAO EN�AS;11;13/02/2023; ; ;CONSTRU��O CIVIL; ;
147;FRUTA DE LEITE - EX. - CONST. DE QUADRA POLIESPORTIVA E.M.ARLINDO SANTIAGO-MARTINOPOLIS - CT:13/2023;AVENIDA MONTES CLAROS;CENTRO;900;39558-000; ;FRUTA DE LEITE;11;10/03/2023; ; ;CONSTRU��O CIVIL; ;
149;GR�O MOGOL - MATRIZ - MANUTEN��O NO FORUM DE GR�O MOGOL;XXXX;CENTRO;SN;39570-000; ;GR�O MOGOL;11; ; ; ;CONSTRU��O CIVIL; ;
151;PADRE CARVALHO - FILIAL - FORNECIMENTO DE MATERIAL ACABADO - ATA 49/2021;PRA�A DA MATRIZ;CENTRO;S/N;39573-000; ;PADRE CARVALHO;11;20/09/2021; ; ;FORNECIMETO DE MATERIAL; ;
152;SANTA CRUZ DE SALINAS - EX. - PAVIMENTA��O E CONST. DA PRA�A DO SUMIDOURO - CT:063/2023 - TP:002/202;AV. TOT� COSTA;CENTRO;221;39563-000; ;SANTA CRUZ DE SALINAS;11;03/04/2023; ; ;PAVIMENTA��O EM BLOCOS; ;
153;RIO PARDO DE MINAS - MATRIZ - REVIT. DE PAVIM. EM DIVERSAS RUAS - CT:080/2023 - TP: 003/2023;RUA TACITO DE FREITAS COSTA;CENTRO;846;39530-000;90.016.08841/76;RIO PARDO DE MINAS;11;25/04/2023; ; ;PAVIMENTA��O ASFALTICA; ;
155;SALINAS - MATRIZ - REPAROS EM OBRAS ANTIGAS;AV. MAROTO FERREIRA;RAQUEL;310;39560-000; ;SALINAS;11;01/01/2023; ; ;CONSTRU��O CIVIL; ;
156;SALINAS - MATRIZ - CONSTRU��O DO GALP�O ALMOXARIFADO EM FRENTE A USINA;RUA D;PARQUE INDUSTRIAL;S/N;39560-000; ;SALINAS;11;01/05/2023; ; ;CONSTRU��O CIVIL; ;
157;GRAO MOGOL - MATRIZ - CONST. DE PISTA DE ABATECIMENTO MINASLIGAS;FAZENDA MINAS LIGAS;VALE DAS CANCELAS;S/N;39570-000; ;GR�O MOGOL;11;01/06/2023; ; ;PAVIMENTA��O ASFALTICA; ;
158;SALINAS - MATRIZ - VENDAS;AV. MAROTO FERREIRA;RAQUEL;310;39560-000; ;SALINAS;11;01/01/2023; ; ;ESCRITORIO; ;
159;SANTA CRUZ DE SALINAS - EX. - PAVIMENTA��O E CONST. DA PRA�A DO SUMIDOURO - CT:064/2023;AV. TOT� COSTA;CENTRO;221;39563-000;90.015.41260/71;SANTA CRUZ DE SALINAS;11;03/04/2023; ; ;PAVIMENTA��O EM BLOCOS; ;
160;SANTA CRUZ DE SALINAS - EX. - PAVIMENTA��O E CONST. DA PRA�A DO SUMIDOURO - CT:065/2023;AV. TOT� COSTA;CENTRO;221;39563-000;90.015.51268/70;SANTA CRUZ DE SALINAS;11;03/04/2023; ; ;PAVIMENTA��O EM BLOCOS; ;
162;SALINAS - MATRIZ - RECAPEAMENTO ASFALTICO BELVEDERE - FERRETI;AV. JO�O PENA SOBRINHO;CENTRO;148;39560-000; ;SALINAS;11; ; ; ;PAVIMENTA��O ASFALTICA; ;
164;SALINAS - FILIAL - RECAPEAMENTO PMF DA ORLA DO RIO SALINAS - CONSTRUTORA AF;ORLA DO RIO SALINAS;CENTRO;S/N;39560-000; ;SALINAS;11; ; ; ;PAVIMENTA��O ASFALTICA; ;
166;SALINAS - FILIAL - FORNECIMENTO DE CONCRETO USINADO - PREFEITURA  - PR.02/2023 - TPSRP 02/2023;PRA�A MOISES LADEIA;CENTRO;64;39560-000; ;SALINAS;11;01/02/2023; ; ;FORNECIMETO DE MATERIAL; ;
167;GRAO MOGOL - EX. - CONST. QUADRA POLIESP. ESCOLA DOMINGOS BOCAINA - CT:067/2023 - TP:003/2023;RUA GEREALDO AVELINO DOS SANTOS,60;CENTRO;60;39570-000; ;GR�O MOGOL;11;14/07/2023; ; ;CONSTRU��O CIVIL; ;
169;PADRE CARVALHO - FILIAL - FORNECIMENTO DE MATERIAL ACABADO - ATA 008/2023;PRA�A DA MATRIZ;CENTRO;S/N;39573-000; ;PADRE CARVALHO;11;06/06/2023; ; ;FORNECIMETO DE MATERIAL; ;
170;SALINAS - MATRIZ - PAVIMENTA��O EM BLOCO BAIRRO PRIMAVERA - SELETA;PRIMAVERA;PRIMAVERA;S/N;39560-000; ;SALINAS;11;21/08/2023; ; ;PAVIMENTA��O EM BLOCOS; ;
171;SALINAS - MATRIZ - TESTE - SISTEMA STRATO;...;CENTRO;0;39560-000; ;SALINAS;11;16/09/2023; ; ;STRATO; ;
172;RIO PARDO DE MINAS - EX. - PAVIMENTA��O ASFALTICA EM PMF SERRA NOVA - CT: 166/2023 - TP:005/2023;RUA TACITO DE FREITAS COSTA;CENTRO;846;39530-000; ;RIO PARDO DE MINAS;11;13/09/2023; ; ;PAVIMENTA��O ASFALTICA; ;
173;NOVORIZONTE - MATRIZ - DRENAGEM POVOADO DE BITU - CT:091/2023 - TP: 002/2023;AV. JO�O BERNARDINO DE SOUZA;CENTRO;714;39568-000; ;NOVORIZONTE;11;18/10/2023; ; ;DRENAGEM; ;
174;RIO PARDO DE MINAS - EX. - PAVIMENTA��O EM BLOCO SEXTAVADO - NATANAEL - CT: 194/2023 - TP: 012/2023;RUA TACITO DE FREITAS COSTA;CENTRO;846;39530-000; ;RIO PARDO DE MINAS;11;17/10/2023; ; ;PAVIMENTA��O EM BLOCOS; ;
175;SALINAS - MATRIZ - SERVI�OS DE ENGENHARIA - WALLACE;Avenida Maroto Ferreira;CENTRO;310;39560-000; ;SALINAS;11; ; ; ;RETIRADA SOCIOS; ;
176;AGUAS VERMELHAS - EX. - RECAPEAMENTO ASFALTICO PO�OS DE CALDA - AGUAS VERMELHAS - CT: 055/2023;RUA SAO VICENTE;CENTRO;164;39990-000; ;�GUAS VERMELHAS;11;24/10/2023; ; ;PAVIMENTA��O ASFALTICA; ;
177;AGUAS VERMELHAS - EX. - RECAPEAMENTO ASFALTICO MACHADO MINEIRO- AGUAS VERMELHAS - CT: 056/2023;RUA SAO VICENTE;CENTRO;164;39990-000; ;�GUAS VERMELHAS;11;24/10/2023; ; ;PAVIMENTA��O ASFALTICA; ;
178;CURRAL DE DENTRO - MATRIZ - PAVIMENTA��O EM BLOCO EM CURRAL DE DENTRO - CT: 084/2023 - TP: 057/2023;AVENIDA JOAO ALVES GOMES;CENTRO;44;39569-000; ;CURRAL DE DENTRO;11;25/10/2023; ; ;PAVIMENTA��O EM BLOCOS; ;
180;SALINAS - MATRIZ - OFICINA;RUA D;PAQUE INDUSTRIAL;451;39560-000; ;SALINAS;11; ; ; ;OFICINA; ;
181;NOVORIZONTE - MATRIZ - M�O DE OBRA PAVIMENTA��O EM BLOCO EM DIVERSAS RUAS DE NOVORIZONTE - CT: 112/2;AVENIDA JOAO BERNADINO DE SOUZA;CENTRO;714;39568-000; ;NOVORIZONTE;11;19/12/2023; ; ;M�O DE OBRA; ;
182;RIO PARDO DE MINAS - EX. - PAVIMENTA��O ASFALTICA BELA VISTA - CT: 281/2023 - TP: 018/2023;RUA TACITO DE FREITAS COSTA;CENTRO;846;39530-000; ;RIO PARDO DE MINAS;11;20/12/2023; ; ;PAVIMENTA��O ASFALTICA; ;
183;SALINAS - MATRIZ - CANALIZA��O DE CORREGO - SILVIO SANTIAGO - CT: 297/2023 - TP: 017/2023;PRA�A MOISES LADEIA;CENTRO;64;39560-000; ;SALINAS;11;22/12/2023; ; ;CONSTRU��O CIVIL; ;
184;SALINAS - EX. - AQUISI��O MASSA ASFALTICA - CT: 292/2023 - TP: 092/2023;PRA�A MOISES LADEIA;CENTRO;64;39560-000; ;SALINAS;11;15/12/2023; ; ;FORNECIMETO DE MATERIAL; ;
187;BERIZAL - MATRIZ - PAVIMENTA��O EM PMF ESTRADA ACESSO DISTRITO SERRA DO ANASTACIO - CT: 002/2024;RUA LUIZ OTAVIO FRANCO;CENTRO;18;39555-000; ;BERIZAL;11;18/01/2024; ; ;PAVIMENTA��O ASFALTICA; ;
188;SALINAS - MATRIZ - ADEQUA��O DE ESTRADAS VICINAIS  - CT: 006/2024 TP: 018/2023;PRA�A MOISES LADEIA;CENTRO;64;39560-000; ;SALINAS;11;09/01/2024; ; ;PAVIMENTA��O ASFALTICA; ;
189;SALINAS - EX. - CAL�AMENTO EM BLOCOS SALINAS - CT: 1.1165.00-2023 - TP: 61/2023;PRA�A MOISES LADEIA;CENTRO;64;39560-000; ;SALINAS;11;05/01/2024; ; ;PAVIMENTA��O EM BLOCOS; ;
190;RUBELITA - EX. - CAL�AMENTO EM BLOCOS RUBELITA - CT: 1.1142.00/2023 -  TP:60/2023;RUA HILARIO ALMEIDA TORRES;CENTRO;406;39565-000; ;RUBELITA;11;05/01/2024; ; ;PAVIMENTA��O EM BLOCOS; ;
191;RIO PARDO DE MINAS - EX. - PAVIMENTA��O EM PMF RIO PARDO DE MINAS - CT:1.1155.00/2023 - TP: 65/2023;RUA TACITO DE FREITAS COSTA;CENTRO;846;39530-000; ;RIO PARDO DE MINAS;11;05/01/2024; ; ;PAVIMENTA��O ASFALTICA; ;
192;CURRAL DE DENTRO - EX. - CAL�AMENTO EM BLOCOS CURRAL DE DENTRO - CT: 1.1140.00/2023;AVENIDA JO�O ALVES GOMES;CENTRO;44;39569-000; ;CURRAL DE DENTRO;11;05/01/2024; ; ;PAVIMENTA��O EM BLOCOS; ;
193;CURRAL DE DENTRO - EX. - PAVIMENTA��O EM BLOCOS DISTRITO DE MARISTELA DE MINAS - CT:095/2023;AVENIDA JO�O ALVES GOMES;CENTRO;44;39569-000; ;CURRAL DE DENTRO;11;03/01/2024; ; ;PAVIMENTA��O EM BLOCOS; ;
195;AGUAS VERMELHAS - MATRIZ - RECAPEAMENTO ASFALTICO EM PMF EM RUAS DA SEDE - CT: 002/2024;RUA S�O VICENTE;CENTRO;164;39990-000; ;�GUAS VERMELHAS;11;09/01/2024; ; ;PAVIMENTA��O ASFALTICA; ;
196;JOSENOPOLIS - MATRIZ - RECAPEAMENTO CBUQ, SARJETA E PINTURA - CT: 002/2024 TP: 003/2023;RUA SANTOS PESTANA;CENTRO;S/N;39575-000; ;JOSEN�POLIS;11;23/01/2024; ; ;PAVIMENTA��O ASFALTICA; ;
197;CRISTALINA - FILIAL - FRETAMENTO VILASA CONSTRUTORA S.A;rua S�o Crist�v�o, Lote 10, Quadra 20,;Bairro: Rio de Janeiro;N�. Sn;73850-000; ;CRISTALINA;9;19/02/2024; ; ;LOCA��O; ;
198;VARGEM GRANDE DO RIO PARDO -  MATRIZ - LOTE 1 MATRIZ-PAVIMENTA��O ASFALTICA CBUQ AV. BH;RUA DOS ESPORTES;CENTRO;63;39535-000; ;VARGEM GRANDE DO RIO PARDO;11;05/02/2024; ; ;PAVIMENTA��O ASFALTICA; ;
199;VARGEM GRANDE DO RIO PARDO - MATRIZ - LOTE 2 PAVIMENTA��O ASFALTICA CBUQ AV. BH;RUA DOS ESPORTES;CENTRO;63;39535-000; ;VARGEM GRANDE DO RIO PARDO;11;05/02/2024; ; ;PAVIMENTA��O ASFALTICA; ;
200;SALINAS - MATRIZ - CONFRATERNIZACAO;MAROTO FERREIRA;RAQUEL;301;39560-000; ;SALINAS;11; ; ; ;ESCRITORIO; ;
205;VARGEM GRANDE DO RIO PARDO - MATRIZ - LOTE 3 PAVIMENTA��O ASFALTICA CBUQ AV. BH - CT: 06/2024;RUA DOS ESPORTES;CENTRO;63;39535-000; ;VARGEM GRANDE DO RIO PARDO;11;05/02/2024; ; ;PAVIMENTA��O ASFALTICA; ;
206;SALINAS - FILIAL - FORNECIMENTO DE CONCRETO USINADO - CT: 011/2024 PE: 02/2023;PRA�A MOISES LADEIA;CENTRO;64;39560-000; ;SALINAS;11;01/02/2024; ; ;FORNECIMETO DE MATERIAL; ;
207;SALINAS - MATRIZ - ATERRO CONSTRU��O IGREJA MATRIZ S�O GERALDO;AVENIDA ANTONIO CARLOS;S�O GERALDO;300;39560-000; ;SALINAS;11;01/02/2024; ; ;CONSTRU��O CIVIL; ;
213;SALINAS - MATRIZ - ECOM - 2024;RUA D;PARQUE INDUSTRIAL;S/N;39560-000; ;SALINAS;11;23/04/2024; ; ;ECOM; ;
214;SALINAS - RT - VENDAS LOTEAMENTO BAIRRO SAGRADA FAMILIA;B. SAGRADA FAMILIA;SAGRADA FAMILIA;SN;39560-000; ;SALINAS;11; ; ; ;LOTEAMENTO; ;
219;RIO PARDO DE MINAS - MATRIZ - DRENAGEM BASE E SUB BASE DA REVITALIZA��O DIVERSAS RUAS RIO PARDO;RUA TACITO DE FREITAS;CENTRO;846;39530-000; ;RIO PARDO DE MINAS;11;11/01/2024; ; ;DRENAGEM; ;
220;SALINAS - EX. - AQUISI��O DE PR� MOLDADOS - PE/SRP:008/2024 - TP: 008/2024;PRA�A MOISES LADEIA;CENTRO;64;39560-000; ;SALINAS;11;12/04/2024; ; ;FORNECIMETO DE MATERIAL; ;
222;JOSENOPOLIS - MATRIZ - PAVIMENTA��O ASFALTICA CBUQ - CT: 29/2024 DL: 008/2024;RUA SANTOS PESTANA;CENTRO;20;39575-000; ;JOSENOPOLIS;11;16/04/2024; ; ;PAVIMENTA��O ASFALTICA; ;
223;AGUAS VERMELHAS - MATRIZ - PINTURA DE FAIXAS SINALIZA��O MACHADO MINEIRO;RUA S�O VICENTE;MACHADO MINEIRO; ;39560-000; ;AGUAS VERMELHAS;11;20/05/2024; ; ;PAVIMENTA��O ASFALTICA; ;
224;SALINAS - RT - LOTEAMENTO CIDADE NOVA 2024;SALINAS;CIDADE NOVA; ;39560-000; ;SALINAS;11;20/05/2024; ; ;LOTEAMENTO; ;
225;SALINAS - MATRIZ - REFORMA CORPO DE BOMBEIRO 2024;AVENIDA TRES DE MAIO;S�O MIGUEL; ;39560-000; ;SALINAS;11;20/05/2024; ; ;CONSTRU��O CIVIL; ;
228;SALINAS - RT - LOTEAMENTO SAGRADA FAMILIA 2024;B. SAGRADA FAMILIA;SAGRADA FAMILIA;AN;39560-000; ;SALINAS;11;01/05/2024; ; ;LOTEAMENTO; ;
229;SALINAS - FILIAL - LABORAT�RIO;RUA MENDO CORREA;RAQUEL; ;39560-000; ;SALINAS;11; ; ; ;LABORATORIO; ;
230;BERILO - MATRIZ - RECUPERA��O ACESSOS INTERNOS DA UHE IRAP� BERILO-MG - CT: 800/2024;AVENIDA BANDEIRANTES;CENTRO;583;20230-010; ;BERILO;11;04/04/2024; ; ;PAVIMENTA��O ASFALTICA; ;
231;SALINAS - MATRIZ - REFORMA CASA DE ROSENILDO;SALINAS;SANTA MONICA; ;39560-000; ;SALINAS;11;01/07/2024; ; ;CONSTRU��O CIVIL; ;
236;AGUAS VERMELHAS - MATRIZ - RECAPEAMENTO ASFALTICO PMF MACHADO MINEIRO E ITAMARATI - CT: 034/2024;RUA S�O VICENTE;CENTRO;164;39990-000; ;AGUAS VERMELHAS;11;28/06/2024; ; ;PAVIMENTA��O ASFALTICA; ;
238;VARGEM GRANDE DO RIO PARDO - MATRIZ - PAVIMENTA��O ASFALTICA CBUQ NA SEDE;RUA  DOS ESPORTES;CENTRO;63;39535-000; ;VARGEM GRANDE DO RIO PARDO;11;04/07/2024; ; ;PAVIMENTA��O ASFALTICA; ;
239;TAIOBEIRAS - MATRIZ - PAVIMENTA��O ASFALTICA MIRANDOPOLIS - CT: 141/2024 PL: 62/2024;PRA�A DA MATRIZ;CENTRO;145;39550-000; ;TAIOBEIRAS;11;04/07/2024; ; ;PAVIMENTA��O ASFALTICA; ;
240;TAIOBEIRAS - MATRIZ - PAVIMENTA��O ASFALTICA EM PMF VIAS PUBLICAS - CT: 158 CE: 06/2024 PL: 114/2024;PRA�A DA MATRIZ;CENTRO;145;39550-000; ;TAIOBEIRAS;11;04/07/2024; ; ;PAVIMENTA��O ASFALTICA; ;
241;BERIZAL - MATRIZ - PAVIMENTA��O E RECUPERA��O DE VIAS - CT: 46/2024 CE: 01/2024 PL: 14/2024;RUA LUIS OTAVIO FRANCO;CENTRO;18;39555-000; ;BERIZAL;11;04/07/2024; ; ;PAVIMENTA��O ASFALTICA; ;
242;SALINAS - MATRIZ - 2� PARTE CANALIZA��O DO CORREGO SILVIO SANTIAGO - CT: 138/2024 CR:18/2024;PRA�A MOISES LADEIA;CENTRO;64;39560-000; ;SALINAS;11;17/07/2024; ; ;CONSTRU��O CIVIL; ;
243;SALINAS - SM - SANTA MARIA 2024;RUA BOA VISTA;SANTA MARIA; ;39560-000; ;SALINAS;11; ; ; ;LOTEAMENTO; ;
245;SALINAS - MATRIZ - CONSTRU��O FORUM SALINAS-MG - CT: 193/2024 CR: 07/2024;RUA ITALIA;NOVA SALINAS;61;39560-000; ;SALINAS;11;20/08/2024; ; ;CONSTRU��O CIVIL; ;
246;TAIOBEIRAS - MATRIZ - PAVIMENTA��O ASFALTICA AV. JO�O DA CRUZ E JO�O XXIII - CT: 169/2024;PRA�A DA MATRIZ;CENTRO;145;39550-000; ;TAIOBEIRAS;11;29/07/2024; ; ;PAVIMENTA��O ASFALTICA; ;
248;SALINAS - MATRIZ - BASE E SUB BASE DO ASFALTO ESTRADA DO CESC-BR 251 MOTOPISTA;ESTRADA DO CESC;CENTRO; ;39560-000; ;SALINAS;11;01/08/2024; ; ;PAVIMENTA��O ASFALTICA; ;
250;VARGEM GRANDE DO RIO PARDO - MATRIZ - PAVIMENTA��O ASFALTICA PMF SEDE;MUNICIPIO DE VARGEM GRANDE DO RIO PARDO;CENTRO; ;39535-000; ;VARGEM GRANDE DO RIO PARDO;11; ; ; ;PAVIMENTA��O ASFALTICA; ;
251;AGUAS VERMELHAS - MATRIZ - RECAPEAMENTO ASFALTICO PMF POVOADO MOCO - CT: 042/2024;RUA DARCI SPOSITO;CENTRO;164;39990-000; ;AGUAS VERMELHAS;11; ; ; ;PAVIMENTA��O ASFALTICA; ;
252;GR�O MOGOL - MATRIZ - RECAPEAMENTO ASFALTICO PMF SEDE E VISTA ALEGRE - CT: 044/2024 CR: 003/2024;RUA GERALDO AVELINO DOS SANTOS;CENTRO;60;39570-000; ;GR�O MOGOL;11; ; ; ;PAVIMENTA��O ASFALTICA; ;
253;SALINAS - MATRIZ - CAL�AMENTO RUAS, REMO��O DE BLOCOS E DRENAGEM DA RUA MENDO CORREA;AVENIDA JOAO ALVES GOMES;CENTRO;44;39569-000; ;SALINAS;11;11/11/2024; ; ;PAVIMENTA��O EM BLOCOS; ;
254;TAIOBEIRAS - MATRIZ - FORNECIMENTO DE EMULS�O E MASSA ASFALTICA - PE: 12/2024;PRA�A DA MATRIZ;CENTRO;136;39550-000; ;TAIOBEIRAS;11;29/05/2024; ; ;FORNECIMETO DE MATERIAL; ;
255;AGUAS VERMELHAS - MATRIZ - RECAPEAMENTO ASFALTICO PMF VIAS URBANAS - CT: 045/2024;RUA DARCI SPOSITO;CENTRO;164;39990-000; ;AGUAS VERMELHAS;11; ; ; ;PAVIMENTA��O ASFALTICA; ;
256;RIO PARDO DE MINAS - RT - LOTEAMENTO JARDIM IMPERIAL;AVENIDA;JARDIM IMPERIAL; ;39530-000; ;RIO PARDO DE MINAS;11;01/11/2024; ; ;LOTEAMENTO; ;
258;SALINAS - MATRIZ - RATEIOS;AVENIDA MAROTO FERREIRA;RAQUEL;310;39560-000; ;SALINAS;11; ; ; ;STRATO; ;
259;RIO PARDO DE MINAS - MATRIZ - PAV. E DRENAGEM R. REGINA MENDES, TACITO FREITAS E AV. DOMINGOS PORT.;RUA REGINA MENDES;CIDADE ALTA;S/N;39530-000; ;RIO PARDO DE MINAS;11;15/01/2025; ; ;PAVIMENTA��O ASFALTICA; ;
260;SALINAS - MATRIZ - DRENAGEM CONDOMINIO INDUSTRIAL - CT: 275/2024 CR: 38/2024;PRA�A MOISES LADEIA;CENTRO; ;39560-000; ;SALINAS;11;13/12/2024; ; ;DRENAGEM; ;
261;SALINAS - MATRIZ - REFORMA QUADRA DO BATALH�O;AVENIDA TRES DE MAIO;S�O MIGUEL; ;39560-000; ;SALINAS;11;04/02/2025; ; ;CONSTRU��O CIVIL; ;
263;SALINAS - MATRIZ - ECOM 2025;PARQUE INDUSTRIAL;PARQUE INDUSTRIAL; ;39560-000; ;SALINAS;11;01/01/2025; ; ;ECOM; ;
265;SALINAS - SPAZZO - ESCRITORIO;RUA D;PARQUE INDUSTRIAL;420;39560-000; ;SALINAS;11; ; ; ;ESCRITORIO; ;
